{"cameraMode":{"drawMode":0,"name":"Shaded","section":"Shading Mode"},"sceneLighting":true,"audioPlay":false,"sceneViewState":{"m_AlwaysRefresh":false,"showFog":true,"showSkybox":true,"showFlares":true,"showImageEffects":true,"showParticleSystems":true,"showVisualEffectGraphs":true,"m_FxEnabled":true},"in2DMode":false,"pivot":{"x":8.925238609313965,"y":2.699657917022705,"z":-40.46920394897461},"rotation":{"x":0.060184624046087268,"y":0.058685965836048129,"z":-0.0033139900770038368,"w":0.9965239763259888},"size":6.90739631652832,"orthographic":false}